2025-05-20 21:20:37,EUR/USD,ðŸ’¥ FORCED BUY SIGNAL EUR/USD â€” [Fallback Mock Trigger]
2025-05-20 21:20:39,BTCUSDT,ðŸ’¥ FORCED BUY SIGNAL BTCUSDT â€” [Fallback Mock Trigger]
2025-05-20 21:21:44,EUR/USD,ðŸ’¥ FORCED BUY SIGNAL EUR/USD â€” [Fallback Mock Trigger]
2025-05-20 21:21:45,BTCUSDT,ðŸ’¥ FORCED BUY SIGNAL BTCUSDT â€” [Fallback Mock Trigger]
2025-05-20 21:22:51,EUR/USD,ðŸ’¥ FORCED BUY SIGNAL EUR/USD â€” [Fallback Mock Trigger]
2025-05-20 21:22:52,BTCUSDT,ðŸ’¥ FORCED BUY SIGNAL BTCUSDT â€” [Fallback Mock Trigger]
2025-05-20 21:23:58,EUR/USD,ðŸ’¥ FORCED BUY SIGNAL EUR/USD â€” [Fallback Mock Trigger]
2025-05-20 21:23:59,BTCUSDT,ðŸ’¥ FORCED BUY SIGNAL BTCUSDT â€” [Fallback Mock Trigger]
2025-05-20 21:25:06,BTCUSDT,ðŸ’¥ FORCED BUY SIGNAL BTCUSDT â€” [Fallback Mock Trigger]
2025-05-20 21:25:09,EUR/USD,ðŸ’¥ FORCED BUY SIGNAL EUR/USD â€” [Fallback Mock Trigger]
2025-05-20 21:52:53,EURUSD,ðŸ’¹ TradingView BUY SIGNAL â€” Test Success
