2025-05-20 14:49:09,EUR/USD,"ðŸš¨ TEST SELL SIGNAL EUR/USD â€” RSI: 100.00, Close < EMA"
2025-05-20 14:49:11,GBP/USD,"ðŸš¨ TEST SELL SIGNAL GBP/USD â€” RSI: 100.00, Close < EMA"
2025-05-20 14:49:13,XAU/USD,"ðŸš¨ TEST SELL SIGNAL XAU/USD â€” RSI: 100.00, Close < EMA"
2025-05-20 14:49:15,BTC/USD,"ðŸš¨ TEST SELL SIGNAL BTC/USD â€” RSI: 100.00, Close < EMA"
2025-05-20 15:04:43,EUR/USD,"ðŸš¨ TEST SELL SIGNAL EUR/USD â€” RSI: 100.00, Close < EMA"
2025-05-20 15:20:50,GBP/USD,"ðŸš¨ TEST SELL SIGNAL GBP/USD â€” RSI: 100.00, Close < EMA"
2025-05-20 15:20:53,XAU/USD,"ðŸš¨ TEST SELL SIGNAL XAU/USD â€” RSI: 100.00, Close < EMA"
2025-05-20 15:20:56,BTC/USD,"ðŸš¨ TEST SELL SIGNAL BTC/USD â€” RSI: 100.00, Close < EMA"
2025-05-20 15:21:58,EUR/USD,"ðŸš¨ TEST SELL SIGNAL EUR/USD â€” RSI: 100.00, Close < EMA"
2025-05-20 15:22:00,GBP/USD,"ðŸš¨ TEST SELL SIGNAL GBP/USD â€” RSI: 100.00, Close < EMA"
2025-05-20 15:22:03,XAU/USD,"ðŸš¨ TEST SELL SIGNAL XAU/USD â€” RSI: 100.00, Close < EMA"
2025-05-20 15:22:05,BTC/USD,"ðŸš¨ TEST SELL SIGNAL BTC/USD â€” RSI: 100.00, Close < EMA"
2025-05-20 15:23:59,EUR/USD,"ðŸš¨ TEST SELL SIGNAL EUR/USD â€” RSI: 100.00, Close < EMA"
2025-05-20 15:24:02,GBP/USD,"ðŸš¨ TEST SELL SIGNAL GBP/USD â€” RSI: 100.00, Close < EMA"
2025-05-20 15:24:05,XAU/USD,"ðŸš¨ TEST SELL SIGNAL XAU/USD â€” RSI: 100.00, Close < EMA"
2025-05-20 15:24:08,BTC/USD,"ðŸš¨ TEST SELL SIGNAL BTC/USD â€” RSI: 100.00, Close < EMA"
2025-05-20 15:25:13,EUR/USD,"ðŸš¨ TEST SELL SIGNAL EUR/USD â€” RSI: 100.00, Close < EMA"
2025-05-20 15:25:17,GBP/USD,"ðŸš¨ TEST SELL SIGNAL GBP/USD â€” RSI: 100.00, Close < EMA"
2025-05-20 15:25:20,XAU/USD,"ðŸš¨ TEST SELL SIGNAL XAU/USD â€” RSI: 100.00, Close < EMA"
2025-05-20 15:25:24,BTC/USD,"ðŸš¨ TEST SELL SIGNAL BTC/USD â€” RSI: 100.00, Close < EMA"
2025-05-20 15:26:29,EUR/USD,"ðŸš¨ TEST SELL SIGNAL EUR/USD â€” RSI: 100.00, Close < EMA"
2025-05-20 15:26:32,GBP/USD,"ðŸš¨ TEST SELL SIGNAL GBP/USD â€” RSI: 100.00, Close < EMA"
2025-05-20 15:26:36,XAU/USD,"ðŸš¨ TEST SELL SIGNAL XAU/USD â€” RSI: 100.00, Close < EMA"
2025-05-20 15:26:40,BTC/USD,"ðŸš¨ TEST SELL SIGNAL BTC/USD â€” RSI: 100.00, Close < EMA"
2025-05-20 15:27:45,EUR/USD,"ðŸš¨ TEST SELL SIGNAL EUR/USD â€” RSI: 100.00, Close < EMA"
2025-05-20 15:27:48,GBP/USD,"ðŸš¨ TEST SELL SIGNAL GBP/USD â€” RSI: 100.00, Close < EMA"
2025-05-20 15:27:51,XAU/USD,"ðŸš¨ TEST SELL SIGNAL XAU/USD â€” RSI: 100.00, Close < EMA"
2025-05-20 15:27:55,BTC/USD,"ðŸš¨ TEST SELL SIGNAL BTC/USD â€” RSI: 100.00, Close < EMA"
2025-05-20 15:28:59,EUR/USD,"ðŸš¨ TEST SELL SIGNAL EUR/USD â€” RSI: 100.00, Close < EMA"
2025-05-20 15:29:02,GBP/USD,"ðŸš¨ TEST SELL SIGNAL GBP/USD â€” RSI: 100.00, Close < EMA"
2025-05-20 15:29:06,XAU/USD,"ðŸš¨ TEST SELL SIGNAL XAU/USD â€” RSI: 100.00, Close < EMA"
2025-05-20 15:29:10,BTC/USD,"ðŸš¨ TEST SELL SIGNAL BTC/USD â€” RSI: 100.00, Close < EMA"
2025-05-20 15:30:15,EUR/USD,"ðŸš¨ TEST SELL SIGNAL EUR/USD â€” RSI: 100.00, Close < EMA"
2025-05-20 15:30:19,GBP/USD,"ðŸš¨ TEST SELL SIGNAL GBP/USD â€” RSI: 100.00, Close < EMA"
2025-05-20 15:30:23,XAU/USD,"ðŸš¨ TEST SELL SIGNAL XAU/USD â€” RSI: 100.00, Close < EMA"
2025-05-20 15:30:27,BTC/USD,"ðŸš¨ TEST SELL SIGNAL BTC/USD â€” RSI: 100.00, Close < EMA"
2025-05-20 15:31:32,EUR/USD,"ðŸš¨ TEST SELL SIGNAL EUR/USD â€” RSI: 100.00, Close < EMA"
2025-05-20 15:31:34,GBP/USD,"ðŸš¨ TEST SELL SIGNAL GBP/USD â€” RSI: 100.00, Close < EMA"
2025-05-20 15:31:38,XAU/USD,"ðŸš¨ TEST SELL SIGNAL XAU/USD â€” RSI: 100.00, Close < EMA"
2025-05-20 15:31:42,BTC/USD,"ðŸš¨ TEST SELL SIGNAL BTC/USD â€” RSI: 100.00, Close < EMA"
2025-05-20 15:32:47,EUR/USD,"ðŸš¨ TEST SELL SIGNAL EUR/USD â€” RSI: 100.00, Close < EMA"
2025-05-20 15:32:50,GBP/USD,"ðŸš¨ TEST SELL SIGNAL GBP/USD â€” RSI: 100.00, Close < EMA"
2025-05-20 15:32:53,XAU/USD,"ðŸš¨ TEST SELL SIGNAL XAU/USD â€” RSI: 100.00, Close < EMA"
2025-05-20 15:32:56,BTC/USD,"ðŸš¨ TEST SELL SIGNAL BTC/USD â€” RSI: 100.00, Close < EMA"
2025-05-20 15:34:00,EUR/USD,"ðŸš¨ TEST SELL SIGNAL EUR/USD â€” RSI: 100.00, Close < EMA"
2025-05-20 15:34:04,GBP/USD,"ðŸš¨ TEST SELL SIGNAL GBP/USD â€” RSI: 100.00, Close < EMA"
2025-05-20 15:34:08,XAU/USD,"ðŸš¨ TEST SELL SIGNAL XAU/USD â€” RSI: 100.00, Close < EMA"
2025-05-20 15:34:11,BTC/USD,"ðŸš¨ TEST SELL SIGNAL BTC/USD â€” RSI: 100.00, Close < EMA"
2025-05-20 15:38:21,EUR/USD,"ðŸš¨ TEST SELL SIGNAL EUR/USD â€” RSI: 100.00, Close < EMA"
2025-05-20 15:38:22,GBP/USD,"ðŸš¨ TEST SELL SIGNAL GBP/USD â€” RSI: 100.00, Close < EMA"
2025-05-20 15:38:23,XAU/USD,"ðŸš¨ TEST SELL SIGNAL XAU/USD â€” RSI: 100.00, Close < EMA"
2025-05-20 15:38:23,BTC/USD,"ðŸš¨ TEST SELL SIGNAL BTC/USD â€” RSI: 100.00, Close < EMA"
2025-05-20 18:18:19,EUR/USD,"ðŸš¨ TEST SELL SIGNAL EUR/USD â€” RSI: 100.00, Close < EMA"
2025-05-20 18:18:20,GBP/USD,"ðŸš¨ TEST SELL SIGNAL GBP/USD â€” RSI: 100.00, Close < EMA"
2025-05-20 18:18:20,XAU/USD,"ðŸš¨ TEST SELL SIGNAL XAU/USD â€” RSI: 100.00, Close < EMA"
2025-05-20 18:18:21,BTC/USD,"ðŸš¨ TEST SELL SIGNAL BTC/USD â€” RSI: 100.00, Close < EMA"
2025-05-20 18:19:21,EUR/USD,"ðŸš¨ TEST SELL SIGNAL EUR/USD â€” RSI: 100.00, Close < EMA"
2025-05-20 18:19:21,GBP/USD,"ðŸš¨ TEST SELL SIGNAL GBP/USD â€” RSI: 100.00, Close < EMA"
2025-05-20 18:19:22,XAU/USD,"ðŸš¨ TEST SELL SIGNAL XAU/USD â€” RSI: 100.00, Close < EMA"
2025-05-20 18:19:22,BTC/USD,"ðŸš¨ TEST SELL SIGNAL BTC/USD â€” RSI: 100.00, Close < EMA"
2025-05-20 18:20:22,EUR/USD,"ðŸš¨ TEST SELL SIGNAL EUR/USD â€” RSI: 100.00, Close < EMA"
2025-05-20 18:20:23,GBP/USD,"ðŸš¨ TEST SELL SIGNAL GBP/USD â€” RSI: 100.00, Close < EMA"
2025-05-20 18:20:23,XAU/USD,"ðŸš¨ TEST SELL SIGNAL XAU/USD â€” RSI: 100.00, Close < EMA"
2025-05-20 18:20:24,BTC/USD,"ðŸš¨ TEST SELL SIGNAL BTC/USD â€” RSI: 100.00, Close < EMA"
2025-05-20 18:21:24,EUR/USD,"ðŸš¨ TEST SELL SIGNAL EUR/USD â€” RSI: 100.00, Close < EMA"
2025-05-20 18:21:24,GBP/USD,"ðŸš¨ TEST SELL SIGNAL GBP/USD â€” RSI: 100.00, Close < EMA"
2025-05-20 18:21:25,XAU/USD,"ðŸš¨ TEST SELL SIGNAL XAU/USD â€” RSI: 100.00, Close < EMA"
2025-05-20 18:21:25,BTC/USD,"ðŸš¨ TEST SELL SIGNAL BTC/USD â€” RSI: 100.00, Close < EMA"
2025-05-20 18:22:25,EUR/USD,"ðŸš¨ TEST SELL SIGNAL EUR/USD â€” RSI: 100.00, Close < EMA"
2025-05-20 18:22:26,GBP/USD,"ðŸš¨ TEST SELL SIGNAL GBP/USD â€” RSI: 100.00, Close < EMA"
2025-05-20 18:22:26,XAU/USD,"ðŸš¨ TEST SELL SIGNAL XAU/USD â€” RSI: 100.00, Close < EMA"
2025-05-20 18:22:26,BTC/USD,"ðŸš¨ TEST SELL SIGNAL BTC/USD â€” RSI: 100.00, Close < EMA"
2025-05-20 18:24:58,EUR/USD,"ðŸš¨ TEST SELL SIGNAL EUR/USD â€” RSI: 100.00, Close < EMA"
2025-05-20 18:24:58,GBP/USD,"ðŸš¨ TEST SELL SIGNAL GBP/USD â€” RSI: 100.00, Close < EMA"
2025-05-20 18:24:58,XAU/USD,"ðŸš¨ TEST SELL SIGNAL XAU/USD â€” RSI: 100.00, Close < EMA"
2025-05-20 18:24:59,BTC/USD,"ðŸš¨ TEST SELL SIGNAL BTC/USD â€” RSI: 100.00, Close < EMA"
2025-05-20 18:25:59,EUR/USD,"ðŸš¨ TEST SELL SIGNAL EUR/USD â€” RSI: 100.00, Close < EMA"
2025-05-20 18:26:00,GBP/USD,"ðŸš¨ TEST SELL SIGNAL GBP/USD â€” RSI: 100.00, Close < EMA"
2025-05-20 18:26:00,XAU/USD,"ðŸš¨ TEST SELL SIGNAL XAU/USD â€” RSI: 100.00, Close < EMA"
2025-05-20 18:26:00,BTC/USD,"ðŸš¨ TEST SELL SIGNAL BTC/USD â€” RSI: 100.00, Close < EMA"
2025-05-20 18:27:01,EUR/USD,"ðŸš¨ TEST SELL SIGNAL EUR/USD â€” RSI: 100.00, Close < EMA"
2025-05-20 18:27:01,GBP/USD,"ðŸš¨ TEST SELL SIGNAL GBP/USD â€” RSI: 100.00, Close < EMA"
2025-05-20 18:27:01,XAU/USD,"ðŸš¨ TEST SELL SIGNAL XAU/USD â€” RSI: 100.00, Close < EMA"
2025-05-20 18:27:02,BTC/USD,"ðŸš¨ TEST SELL SIGNAL BTC/USD â€” RSI: 100.00, Close < EMA"
2025-05-20 18:28:05,EUR/USD,"ðŸš¨ TEST SELL SIGNAL EUR/USD â€” RSI: 100.00, Close < EMA"
2025-05-20 18:28:08,GBP/USD,"ðŸš¨ TEST SELL SIGNAL GBP/USD â€” RSI: 100.00, Close < EMA"
2025-05-20 18:28:11,XAU/USD,"ðŸš¨ TEST SELL SIGNAL XAU/USD â€” RSI: 100.00, Close < EMA"
2025-05-20 18:28:13,BTC/USD,"ðŸš¨ TEST SELL SIGNAL BTC/USD â€” RSI: 100.00, Close < EMA"
2025-05-20 18:29:13,EUR/USD,"ðŸš¨ TEST SELL SIGNAL EUR/USD â€” RSI: 100.00, Close < EMA"
2025-05-20 18:29:14,GBP/USD,"ðŸš¨ TEST SELL SIGNAL GBP/USD â€” RSI: 100.00, Close < EMA"
2025-05-20 18:29:14,XAU/USD,"ðŸš¨ TEST SELL SIGNAL XAU/USD â€” RSI: 100.00, Close < EMA"
2025-05-20 18:29:15,BTC/USD,"ðŸš¨ TEST SELL SIGNAL BTC/USD â€” RSI: 100.00, Close < EMA"
2025-05-20 18:30:21,EUR/USD,"ðŸš¨ TEST SELL SIGNAL EUR/USD â€” RSI: 100.00, Close < EMA"
2025-05-20 18:30:24,GBP/USD,"ðŸš¨ TEST SELL SIGNAL GBP/USD â€” RSI: 100.00, Close < EMA"
2025-05-20 18:30:27,XAU/USD,"ðŸš¨ TEST SELL SIGNAL XAU/USD â€” RSI: 100.00, Close < EMA"
2025-05-20 18:30:29,BTC/USD,"ðŸš¨ TEST SELL SIGNAL BTC/USD â€” RSI: 100.00, Close < EMA"
2025-05-20 18:31:32,EUR/USD,"ðŸš¨ TEST SELL SIGNAL EUR/USD â€” RSI: 100.00, Close < EMA"
2025-05-20 18:31:35,GBP/USD,"ðŸš¨ TEST SELL SIGNAL GBP/USD â€” RSI: 100.00, Close < EMA"
2025-05-20 18:31:38,XAU/USD,"ðŸš¨ TEST SELL SIGNAL XAU/USD â€” RSI: 100.00, Close < EMA"
2025-05-20 18:31:42,BTC/USD,"ðŸš¨ TEST SELL SIGNAL BTC/USD â€” RSI: 100.00, Close < EMA"
2025-05-20 18:32:45,EUR/USD,"ðŸš¨ TEST SELL SIGNAL EUR/USD â€” RSI: 100.00, Close < EMA"
2025-05-20 18:32:48,GBP/USD,"ðŸš¨ TEST SELL SIGNAL GBP/USD â€” RSI: 100.00, Close < EMA"
2025-05-20 18:32:51,XAU/USD,"ðŸš¨ TEST SELL SIGNAL XAU/USD â€” RSI: 100.00, Close < EMA"
2025-05-20 18:32:54,BTC/USD,"ðŸš¨ TEST SELL SIGNAL BTC/USD â€” RSI: 100.00, Close < EMA"
